,identifier,mut,label,sequence,gene
53,P10415,G33R,1,M A H A G R T G Y D N R E I V M K Y I H Y K L S Q R G Y E W D A R D V G A A P P G A A P A P G I F S S Q P G H T P H P A A S R D P V A R T S P L Q T P A A P G A A A G P A L S P V P P V V H L T L R Q A G D D F S R R Y R R D F A E M S S Q L H L T P F T A R G R F A T V V E E L F R D G V N W G R I V A F F E F G G V M C V E S V N R E M S P L V D N I A L W M T E Y L N R H L H T W I Q D N G G W D A F V E L Y G P S M R P L F D F S W L S L K T L L S L A L V G A C I T L G A Y L G H K,BCL2_HUMAN
54,P10415,A43T,0,M A H A G R T G Y D N R E I V M K Y I H Y K L S Q R G Y E W D A G D V G A A P P G A T P A P G I F S S Q P G H T P H P A A S R D P V A R T S P L Q T P A A P G A A A G P A L S P V P P V V H L T L R Q A G D D F S R R Y R R D F A E M S S Q L H L T P F T A R G R F A T V V E E L F R D G V N W G R I V A F F E F G G V M C V E S V N R E M S P L V D N I A L W M T E Y L N R H L H T W I Q D N G G W D A F V E L Y G P S M R P L F D F S W L S L K T L L S L A L V G A C I T L G A Y L G H K,BCL2_HUMAN
55,P10415,T7S,0,M A H A G R S G Y D N R E I V M K Y I H Y K L S Q R G Y E W D A G D V G A A P P G A A P A P G I F S S Q P G H T P H P A A S R D P V A R T S P L Q T P A A P G A A A G P A L S P V P P V V H L T L R Q A G D D F S R R Y R R D F A E M S S Q L H L T P F T A R G R F A T V V E E L F R D G V N W G R I V A F F E F G G V M C V E S V N R E M S P L V D N I A L W M T E Y L N R H L H T W I Q D N G G W D A F V E L Y G P S M R P L F D F S W L S L K T L L S L A L V G A C I T L G A Y L G H K,BCL2_HUMAN
64,P31749,Q79E,1,M S D V A I V K E G W L H K R G E Y I K T W R P R Y F L L K N D G T F I G Y K E R P Q D V D Q R E A P L N N F S V A Q C Q L M K T E R P R P N T F I I R C L E W T T V I E R T F H V E T P E E R E E W T T A I Q T V A D G L K K Q E E E E M D F R S G S P S D N S G A E E M E V S L A K P K H R V T M N E F E Y L K L L G K G T F G K V I L V K E K A T G R Y Y A M K I L K K E V I V A K D E V A H T L T E N R V L Q N S R H P F L T A L K Y S F Q T H D R L C F V M E Y A N G G E L F F H L S R E R V F S E D R A R F Y G A E I V S A L D Y L H S E K N V V Y R D L K L E N L M L D K D G H I K I T D F G L C K E G I K D G A T M K T F C G T P E Y L A P E V L E D N D Y G R A V D W W G L G V V M Y E M M C G R L P F Y N Q D H E K L F E L I L M E E I R F P R T L G P E A K S L L S G L L K K D P K Q R L G G G S E D A K E I M Q H R F F A G I V W Q H V Y E K K L S P P F K P Q V T S E T D T R Y F D E E F T A Q M I T I T P P D Q D D S M E C V D S E R R P H F P Q F S Y S A S G T A,AKT1_HUMAN
67,P31749,G311D,1,M S D V A I V K E G W L H K R G E Y I K T W R P R Y F L L K N D G T F I G Y K E R P Q D V D Q R E A P L N N F S V A Q C Q L M K T E R P R P N T F I I R C L Q W T T V I E R T F H V E T P E E R E E W T T A I Q T V A D G L K K Q E E E E M D F R S G S P S D N S G A E E M E V S L A K P K H R V T M N E F E Y L K L L G K G T F G K V I L V K E K A T G R Y Y A M K I L K K E V I V A K D E V A H T L T E N R V L Q N S R H P F L T A L K Y S F Q T H D R L C F V M E Y A N G G E L F F H L S R E R V F S E D R A R F Y G A E I V S A L D Y L H S E K N V V Y R D L K L E N L M L D K D G H I K I T D F G L C K E G I K D G A T M K T F C D T P E Y L A P E V L E D N D Y G R A V D W W G L G V V M Y E M M C G R L P F Y N Q D H E K L F E L I L M E E I R F P R T L G P E A K S L L S G L L K K D P K Q R L G G G S E D A K E I M Q H R F F A G I V W Q H V Y E K K L S P P F K P Q V T S E T D T R Y F D E E F T A Q M I T I T P P D Q D D S M E C V D S E R R P H F P Q F S Y S A S G T A,AKT1_HUMAN
68,P31749,K189N,1,M S D V A I V K E G W L H K R G E Y I K T W R P R Y F L L K N D G T F I G Y K E R P Q D V D Q R E A P L N N F S V A Q C Q L M K T E R P R P N T F I I R C L Q W T T V I E R T F H V E T P E E R E E W T T A I Q T V A D G L K K Q E E E E M D F R S G S P S D N S G A E E M E V S L A K P K H R V T M N E F E Y L K L L G K G T F G K V I L V K E K A T G R Y Y A M K I L K K E V I V A N D E V A H T L T E N R V L Q N S R H P F L T A L K Y S F Q T H D R L C F V M E Y A N G G E L F F H L S R E R V F S E D R A R F Y G A E I V S A L D Y L H S E K N V V Y R D L K L E N L M L D K D G H I K I T D F G L C K E G I K D G A T M K T F C G T P E Y L A P E V L E D N D Y G R A V D W W G L G V V M Y E M M C G R L P F Y N Q D H E K L F E L I L M E E I R F P R T L G P E A K S L L S G L L K K D P K Q R L G G G S E D A K E I M Q H R F F A G I V W Q H V Y E K K L S P P F K P Q V T S E T D T R Y F D E E F T A Q M I T I T P P D Q D D S M E C V D S E R R P H F P Q F S Y S A S G T A,AKT1_HUMAN
69,P31749,E267G,1,M S D V A I V K E G W L H K R G E Y I K T W R P R Y F L L K N D G T F I G Y K E R P Q D V D Q R E A P L N N F S V A Q C Q L M K T E R P R P N T F I I R C L Q W T T V I E R T F H V E T P E E R E E W T T A I Q T V A D G L K K Q E E E E M D F R S G S P S D N S G A E E M E V S L A K P K H R V T M N E F E Y L K L L G K G T F G K V I L V K E K A T G R Y Y A M K I L K K E V I V A K D E V A H T L T E N R V L Q N S R H P F L T A L K Y S F Q T H D R L C F V M E Y A N G G E L F F H L S R E R V F S E D R A R F Y G A E I V S A L D Y L H S G K N V V Y R D L K L E N L M L D K D G H I K I T D F G L C K E G I K D G A T M K T F C G T P E Y L A P E V L E D N D Y G R A V D W W G L G V V M Y E M M C G R L P F Y N Q D H E K L F E L I L M E E I R F P R T L G P E A K S L L S G L L K K D P K Q R L G G G S E D A K E I M Q H R F F A G I V W Q H V Y E K K L S P P F K P Q V T S E T D T R Y F D E E F T A Q M I T I T P P D Q D D S M E C V D S E R R P H F P Q F S Y S A S G T A,AKT1_HUMAN
70,P31749,E40K,1,M S D V A I V K E G W L H K R G E Y I K T W R P R Y F L L K N D G T F I G Y K K R P Q D V D Q R E A P L N N F S V A Q C Q L M K T E R P R P N T F I I R C L Q W T T V I E R T F H V E T P E E R E E W T T A I Q T V A D G L K K Q E E E E M D F R S G S P S D N S G A E E M E V S L A K P K H R V T M N E F E Y L K L L G K G T F G K V I L V K E K A T G R Y Y A M K I L K K E V I V A K D E V A H T L T E N R V L Q N S R H P F L T A L K Y S F Q T H D R L C F V M E Y A N G G E L F F H L S R E R V F S E D R A R F Y G A E I V S A L D Y L H S E K N V V Y R D L K L E N L M L D K D G H I K I T D F G L C K E G I K D G A T M K T F C G T P E Y L A P E V L E D N D Y G R A V D W W G L G V V M Y E M M C G R L P F Y N Q D H E K L F E L I L M E E I R F P R T L G P E A K S L L S G L L K K D P K Q R L G G G S E D A K E I M Q H R F F A G I V W Q H V Y E K K L S P P F K P Q V T S E T D T R Y F D E E F T A Q M I T I T P P D Q D D S M E C V D S E R R P H F P Q F S Y S A S G T A,AKT1_HUMAN
71,P31749,T435P,0,M S D V A I V K E G W L H K R G E Y I K T W R P R Y F L L K N D G T F I G Y K E R P Q D V D Q R E A P L N N F S V A Q C Q L M K T E R P R P N T F I I R C L Q W T T V I E R T F H V E T P E E R E E W T T A I Q T V A D G L K K Q E E E E M D F R S G S P S D N S G A E E M E V S L A K P K H R V T M N E F E Y L K L L G K G T F G K V I L V K E K A T G R Y Y A M K I L K K E V I V A K D E V A H T L T E N R V L Q N S R H P F L T A L K Y S F Q T H D R L C F V M E Y A N G G E L F F H L S R E R V F S E D R A R F Y G A E I V S A L D Y L H S E K N V V Y R D L K L E N L M L D K D G H I K I T D F G L C K E G I K D G A T M K T F C G T P E Y L A P E V L E D N D Y G R A V D W W G L G V V M Y E M M C G R L P F Y N Q D H E K L F E L I L M E E I R F P R T L G P E A K S L L S G L L K K D P K Q R L G G G S E D A K E I M Q H R F F A G I V W Q H V Y E K K L S P P F K P Q V T S E T D P R Y F D E E F T A Q M I T I T P P D Q D D S M E C V D S E R R P H F P Q F S Y S A S G T A,AKT1_HUMAN
72,P31749,E49K,1,M S D V A I V K E G W L H K R G E Y I K T W R P R Y F L L K N D G T F I G Y K E R P Q D V D Q R K A P L N N F S V A Q C Q L M K T E R P R P N T F I I R C L Q W T T V I E R T F H V E T P E E R E E W T T A I Q T V A D G L K K Q E E E E M D F R S G S P S D N S G A E E M E V S L A K P K H R V T M N E F E Y L K L L G K G T F G K V I L V K E K A T G R Y Y A M K I L K K E V I V A K D E V A H T L T E N R V L Q N S R H P F L T A L K Y S F Q T H D R L C F V M E Y A N G G E L F F H L S R E R V F S E D R A R F Y G A E I V S A L D Y L H S E K N V V Y R D L K L E N L M L D K D G H I K I T D F G L C K E G I K D G A T M K T F C G T P E Y L A P E V L E D N D Y G R A V D W W G L G V V M Y E M M C G R L P F Y N Q D H E K L F E L I L M E E I R F P R T L G P E A K S L L S G L L K K D P K Q R L G G G S E D A K E I M Q H R F F A G I V W Q H V Y E K K L S P P F K P Q V T S E T D T R Y F D E E F T A Q M I T I T P P D Q D D S M E C V D S E R R P H F P Q F S Y S A S G T A,AKT1_HUMAN
73,P31749,Q79K,1,M S D V A I V K E G W L H K R G E Y I K T W R P R Y F L L K N D G T F I G Y K E R P Q D V D Q R E A P L N N F S V A Q C Q L M K T E R P R P N T F I I R C L K W T T V I E R T F H V E T P E E R E E W T T A I Q T V A D G L K K Q E E E E M D F R S G S P S D N S G A E E M E V S L A K P K H R V T M N E F E Y L K L L G K G T F G K V I L V K E K A T G R Y Y A M K I L K K E V I V A K D E V A H T L T E N R V L Q N S R H P F L T A L K Y S F Q T H D R L C F V M E Y A N G G E L F F H L S R E R V F S E D R A R F Y G A E I V S A L D Y L H S E K N V V Y R D L K L E N L M L D K D G H I K I T D F G L C K E G I K D G A T M K T F C G T P E Y L A P E V L E D N D Y G R A V D W W G L G V V M Y E M M C G R L P F Y N Q D H E K L F E L I L M E E I R F P R T L G P E A K S L L S G L L K K D P K Q R L G G G S E D A K E I M Q H R F F A G I V W Q H V Y E K K L S P P F K P Q V T S E T D T R Y F D E E F T A Q M I T I T P P D Q D D S M E C V D S E R R P H F P Q F S Y S A S G T A,AKT1_HUMAN
74,P31749,V271A,1,M S D V A I V K E G W L H K R G E Y I K T W R P R Y F L L K N D G T F I G Y K E R P Q D V D Q R E A P L N N F S V A Q C Q L M K T E R P R P N T F I I R C L Q W T T V I E R T F H V E T P E E R E E W T T A I Q T V A D G L K K Q E E E E M D F R S G S P S D N S G A E E M E V S L A K P K H R V T M N E F E Y L K L L G K G T F G K V I L V K E K A T G R Y Y A M K I L K K E V I V A K D E V A H T L T E N R V L Q N S R H P F L T A L K Y S F Q T H D R L C F V M E Y A N G G E L F F H L S R E R V F S E D R A R F Y G A E I V S A L D Y L H S E K N V A Y R D L K L E N L M L D K D G H I K I T D F G L C K E G I K D G A T M K T F C G T P E Y L A P E V L E D N D Y G R A V D W W G L G V V M Y E M M C G R L P F Y N Q D H E K L F E L I L M E E I R F P R T L G P E A K S L L S G L L K K D P K Q R L G G G S E D A K E I M Q H R F F A G I V W Q H V Y E K K L S P P F K P Q V T S E T D T R Y F D E E F T A Q M I T I T P P D Q D D S M E C V D S E R R P H F P Q F S Y S A S G T A,AKT1_HUMAN
75,P31749,D323H,1,M S D V A I V K E G W L H K R G E Y I K T W R P R Y F L L K N D G T F I G Y K E R P Q D V D Q R E A P L N N F S V A Q C Q L M K T E R P R P N T F I I R C L Q W T T V I E R T F H V E T P E E R E E W T T A I Q T V A D G L K K Q E E E E M D F R S G S P S D N S G A E E M E V S L A K P K H R V T M N E F E Y L K L L G K G T F G K V I L V K E K A T G R Y Y A M K I L K K E V I V A K D E V A H T L T E N R V L Q N S R H P F L T A L K Y S F Q T H D R L C F V M E Y A N G G E L F F H L S R E R V F S E D R A R F Y G A E I V S A L D Y L H S E K N V V Y R D L K L E N L M L D K D G H I K I T D F G L C K E G I K D G A T M K T F C G T P E Y L A P E V L E H N D Y G R A V D W W G L G V V M Y E M M C G R L P F Y N Q D H E K L F E L I L M E E I R F P R T L G P E A K S L L S G L L K K D P K Q R L G G G S E D A K E I M Q H R F F A G I V W Q H V Y E K K L S P P F K P Q V T S E T D T R Y F D E E F T A Q M I T I T P P D Q D D S M E C V D S E R R P H F P Q F S Y S A S G T A,AKT1_HUMAN
76,P31749,D325A,1,M S D V A I V K E G W L H K R G E Y I K T W R P R Y F L L K N D G T F I G Y K E R P Q D V D Q R E A P L N N F S V A Q C Q L M K T E R P R P N T F I I R C L Q W T T V I E R T F H V E T P E E R E E W T T A I Q T V A D G L K K Q E E E E M D F R S G S P S D N S G A E E M E V S L A K P K H R V T M N E F E Y L K L L G K G T F G K V I L V K E K A T G R Y Y A M K I L K K E V I V A K D E V A H T L T E N R V L Q N S R H P F L T A L K Y S F Q T H D R L C F V M E Y A N G G E L F F H L S R E R V F S E D R A R F Y G A E I V S A L D Y L H S E K N V V Y R D L K L E N L M L D K D G H I K I T D F G L C K E G I K D G A T M K T F C G T P E Y L A P E V L E D N A Y G R A V D W W G L G V V M Y E M M C G R L P F Y N Q D H E K L F E L I L M E E I R F P R T L G P E A K S L L S G L L K K D P K Q R L G G G S E D A K E I M Q H R F F A G I V W Q H V Y E K K L S P P F K P Q V T S E T D T R Y F D E E F T A Q M I T I T P P D Q D D S M E C V D S E R R P H F P Q F S Y S A S G T A,AKT1_HUMAN
77,P31749,H238Y,1,M S D V A I V K E G W L H K R G E Y I K T W R P R Y F L L K N D G T F I G Y K E R P Q D V D Q R E A P L N N F S V A Q C Q L M K T E R P R P N T F I I R C L Q W T T V I E R T F H V E T P E E R E E W T T A I Q T V A D G L K K Q E E E E M D F R S G S P S D N S G A E E M E V S L A K P K H R V T M N E F E Y L K L L G K G T F G K V I L V K E K A T G R Y Y A M K I L K K E V I V A K D E V A H T L T E N R V L Q N S R H P F L T A L K Y S F Q T H D R L C F V M E Y A N G G E L F F Y L S R E R V F S E D R A R F Y G A E I V S A L D Y L H S E K N V V Y R D L K L E N L M L D K D G H I K I T D F G L C K E G I K D G A T M K T F C G T P E Y L A P E V L E D N D Y G R A V D W W G L G V V M Y E M M C G R L P F Y N Q D H E K L F E L I L M E E I R F P R T L G P E A K S L L S G L L K K D P K Q R L G G G S E D A K E I M Q H R F F A G I V W Q H V Y E K K L S P P F K P Q V T S E T D T R Y F D E E F T A Q M I T I T P P D Q D D S M E C V D S E R R P H F P Q F S Y S A S G T A,AKT1_HUMAN
78,P31749,V167A,0,M S D V A I V K E G W L H K R G E Y I K T W R P R Y F L L K N D G T F I G Y K E R P Q D V D Q R E A P L N N F S V A Q C Q L M K T E R P R P N T F I I R C L Q W T T V I E R T F H V E T P E E R E E W T T A I Q T V A D G L K K Q E E E E M D F R S G S P S D N S G A E E M E V S L A K P K H R V T M N E F E Y L K L L G K G T F G K V I L A K E K A T G R Y Y A M K I L K K E V I V A K D E V A H T L T E N R V L Q N S R H P F L T A L K Y S F Q T H D R L C F V M E Y A N G G E L F F H L S R E R V F S E D R A R F Y G A E I V S A L D Y L H S E K N V V Y R D L K L E N L M L D K D G H I K I T D F G L C K E G I K D G A T M K T F C G T P E Y L A P E V L E D N D Y G R A V D W W G L G V V M Y E M M C G R L P F Y N Q D H E K L F E L I L M E E I R F P R T L G P E A K S L L S G L L K K D P K Q R L G G G S E D A K E I M Q H R F F A G I V W Q H V Y E K K L S P P F K P Q V T S E T D T R Y F D E E F T A Q M I T I T P P D Q D D S M E C V D S E R R P H F P Q F S Y S A S G T A,AKT1_HUMAN
79,P31749,C77F,1,M S D V A I V K E G W L H K R G E Y I K T W R P R Y F L L K N D G T F I G Y K E R P Q D V D Q R E A P L N N F S V A Q C Q L M K T E R P R P N T F I I R F L Q W T T V I E R T F H V E T P E E R E E W T T A I Q T V A D G L K K Q E E E E M D F R S G S P S D N S G A E E M E V S L A K P K H R V T M N E F E Y L K L L G K G T F G K V I L V K E K A T G R Y Y A M K I L K K E V I V A K D E V A H T L T E N R V L Q N S R H P F L T A L K Y S F Q T H D R L C F V M E Y A N G G E L F F H L S R E R V F S E D R A R F Y G A E I V S A L D Y L H S E K N V V Y R D L K L E N L M L D K D G H I K I T D F G L C K E G I K D G A T M K T F C G T P E Y L A P E V L E D N D Y G R A V D W W G L G V V M Y E M M C G R L P F Y N Q D H E K L F E L I L M E E I R F P R T L G P E A K S L L S G L L K K D P K Q R L G G G S E D A K E I M Q H R F F A G I V W Q H V Y E K K L S P P F K P Q V T S E T D T R Y F D E E F T A Q M I T I T P P D Q D D S M E C V D S E R R P H F P Q F S Y S A S G T A,AKT1_HUMAN
80,P31749,E191A,1,M S D V A I V K E G W L H K R G E Y I K T W R P R Y F L L K N D G T F I G Y K E R P Q D V D Q R E A P L N N F S V A Q C Q L M K T E R P R P N T F I I R C L Q W T T V I E R T F H V E T P E E R E E W T T A I Q T V A D G L K K Q E E E E M D F R S G S P S D N S G A E E M E V S L A K P K H R V T M N E F E Y L K L L G K G T F G K V I L V K E K A T G R Y Y A M K I L K K E V I V A K D A V A H T L T E N R V L Q N S R H P F L T A L K Y S F Q T H D R L C F V M E Y A N G G E L F F H L S R E R V F S E D R A R F Y G A E I V S A L D Y L H S E K N V V Y R D L K L E N L M L D K D G H I K I T D F G L C K E G I K D G A T M K T F C G T P E Y L A P E V L E D N D Y G R A V D W W G L G V V M Y E M M C G R L P F Y N Q D H E K L F E L I L M E E I R F P R T L G P E A K S L L S G L L K K D P K Q R L G G G S E D A K E I M Q H R F F A G I V W Q H V Y E K K L S P P F K P Q V T S E T D T R Y F D E E F T A Q M I T I T P P D Q D D S M E C V D S E R R P H F P Q F S Y S A S G T A,AKT1_HUMAN
81,P31749,V270A,1,M S D V A I V K E G W L H K R G E Y I K T W R P R Y F L L K N D G T F I G Y K E R P Q D V D Q R E A P L N N F S V A Q C Q L M K T E R P R P N T F I I R C L Q W T T V I E R T F H V E T P E E R E E W T T A I Q T V A D G L K K Q E E E E M D F R S G S P S D N S G A E E M E V S L A K P K H R V T M N E F E Y L K L L G K G T F G K V I L V K E K A T G R Y Y A M K I L K K E V I V A K D E V A H T L T E N R V L Q N S R H P F L T A L K Y S F Q T H D R L C F V M E Y A N G G E L F F H L S R E R V F S E D R A R F Y G A E I V S A L D Y L H S E K N A V Y R D L K L E N L M L D K D G H I K I T D F G L C K E G I K D G A T M K T F C G T P E Y L A P E V L E D N D Y G R A V D W W G L G V V M Y E M M C G R L P F Y N Q D H E K L F E L I L M E E I R F P R T L G P E A K S L L S G L L K K D P K Q R L G G G S E D A K E I M Q H R F F A G I V W Q H V Y E K K L S P P F K P Q V T S E T D T R Y F D E E F T A Q M I T I T P P D Q D D S M E C V D S E R R P H F P Q F S Y S A S G T A,AKT1_HUMAN
82,P31749,L52R,1,M S D V A I V K E G W L H K R G E Y I K T W R P R Y F L L K N D G T F I G Y K E R P Q D V D Q R E A P R N N F S V A Q C Q L M K T E R P R P N T F I I R C L Q W T T V I E R T F H V E T P E E R E E W T T A I Q T V A D G L K K Q E E E E M D F R S G S P S D N S G A E E M E V S L A K P K H R V T M N E F E Y L K L L G K G T F G K V I L V K E K A T G R Y Y A M K I L K K E V I V A K D E V A H T L T E N R V L Q N S R H P F L T A L K Y S F Q T H D R L C F V M E Y A N G G E L F F H L S R E R V F S E D R A R F Y G A E I V S A L D Y L H S E K N V V Y R D L K L E N L M L D K D G H I K I T D F G L C K E G I K D G A T M K T F C G T P E Y L A P E V L E D N D Y G R A V D W W G L G V V M Y E M M C G R L P F Y N Q D H E K L F E L I L M E E I R F P R T L G P E A K S L L S G L L K K D P K Q R L G G G S E D A K E I M Q H R F F A G I V W Q H V Y E K K L S P P F K P Q V T S E T D T R Y F D E E F T A Q M I T I T P P D Q D D S M E C V D S E R R P H F P Q F S Y S A S G T A,AKT1_HUMAN
83,P31749,R370C,1,M S D V A I V K E G W L H K R G E Y I K T W R P R Y F L L K N D G T F I G Y K E R P Q D V D Q R E A P L N N F S V A Q C Q L M K T E R P R P N T F I I R C L Q W T T V I E R T F H V E T P E E R E E W T T A I Q T V A D G L K K Q E E E E M D F R S G S P S D N S G A E E M E V S L A K P K H R V T M N E F E Y L K L L G K G T F G K V I L V K E K A T G R Y Y A M K I L K K E V I V A K D E V A H T L T E N R V L Q N S R H P F L T A L K Y S F Q T H D R L C F V M E Y A N G G E L F F H L S R E R V F S E D R A R F Y G A E I V S A L D Y L H S E K N V V Y R D L K L E N L M L D K D G H I K I T D F G L C K E G I K D G A T M K T F C G T P E Y L A P E V L E D N D Y G R A V D W W G L G V V M Y E M M C G R L P F Y N Q D H E K L F E L I L M E E I R F P C T L G P E A K S L L S G L L K K D P K Q R L G G G S E D A K E I M Q H R F F A G I V W Q H V Y E K K L S P P F K P Q V T S E T D T R Y F D E E F T A Q M I T I T P P D Q D D S M E C V D S E R R P H F P Q F S Y S A S G T A,AKT1_HUMAN
84,P31749,K179M,1,M S D V A I V K E G W L H K R G E Y I K T W R P R Y F L L K N D G T F I G Y K E R P Q D V D Q R E A P L N N F S V A Q C Q L M K T E R P R P N T F I I R C L Q W T T V I E R T F H V E T P E E R E E W T T A I Q T V A D G L K K Q E E E E M D F R S G S P S D N S G A E E M E V S L A K P K H R V T M N E F E Y L K L L G K G T F G K V I L V K E K A T G R Y Y A M M I L K K E V I V A K D E V A H T L T E N R V L Q N S R H P F L T A L K Y S F Q T H D R L C F V M E Y A N G G E L F F H L S R E R V F S E D R A R F Y G A E I V S A L D Y L H S E K N V V Y R D L K L E N L M L D K D G H I K I T D F G L C K E G I K D G A T M K T F C G T P E Y L A P E V L E D N D Y G R A V D W W G L G V V M Y E M M C G R L P F Y N Q D H E K L F E L I L M E E I R F P R T L G P E A K S L L S G L L K K D P K Q R L G G G S E D A K E I M Q H R F F A G I V W Q H V Y E K K L S P P F K P Q V T S E T D T R Y F D E E F T A Q M I T I T P P D Q D D S M E C V D S E R R P H F P Q F S Y S A S G T A,AKT1_HUMAN
225,P48735,R172M,1,M A G Y L R V V R S L C R A S G S R P A W A P A A L T A P T S Q E Q P R R H Y A D K R I K V A K P V V E M D G D E M T R I I W Q F I K E K L I L P H V D I Q L K Y F D L G L P N R D Q T D D Q V T I D S A L A T Q K Y S V A V K C A T I T P D E A R V E E F K L K K M W K S P N G T I R N I L G G T V F R E P I I C K N I P R L V P G W T K P I T I G M H A H G D Q Y K A T D F V A D R A G T F K M V F T P K D G S G V K E W E V Y N F P A G G V G M G M Y N T D E S I S G F A H S C F Q Y A I Q K K W P L Y M S T K N T I L K A Y D G R F K D I F Q E I F D K H Y K T D F D K N K I W Y E H R L I D D M V A Q V L K S S G G F V W A C K N Y D G D V Q S D I L A Q G F G S L G L M T S V L V C P D G K T I E A E A A H G T V T R H Y R E H Q K G R P T S T N P I A S I F A W T R G L E H R G K L D G N Q D L I R F A Q M L E K V C V E T V E S G A M T K D L A G C I H G L S N V K L N E H F L N T T D F L D T I K S N L D R A L G R Q,IDHP_HUMAN
226,P48735,R172G,1,M A G Y L R V V R S L C R A S G S R P A W A P A A L T A P T S Q E Q P R R H Y A D K R I K V A K P V V E M D G D E M T R I I W Q F I K E K L I L P H V D I Q L K Y F D L G L P N R D Q T D D Q V T I D S A L A T Q K Y S V A V K C A T I T P D E A R V E E F K L K K M W K S P N G T I R N I L G G T V F R E P I I C K N I P R L V P G W T K P I T I G G H A H G D Q Y K A T D F V A D R A G T F K M V F T P K D G S G V K E W E V Y N F P A G G V G M G M Y N T D E S I S G F A H S C F Q Y A I Q K K W P L Y M S T K N T I L K A Y D G R F K D I F Q E I F D K H Y K T D F D K N K I W Y E H R L I D D M V A Q V L K S S G G F V W A C K N Y D G D V Q S D I L A Q G F G S L G L M T S V L V C P D G K T I E A E A A H G T V T R H Y R E H Q K G R P T S T N P I A S I F A W T R G L E H R G K L D G N Q D L I R F A Q M L E K V C V E T V E S G A M T K D L A G C I H G L S N V K L N E H F L N T T D F L D T I K S N L D R A L G R Q,IDHP_HUMAN
227,P48735,R140L,1,M A G Y L R V V R S L C R A S G S R P A W A P A A L T A P T S Q E Q P R R H Y A D K R I K V A K P V V E M D G D E M T R I I W Q F I K E K L I L P H V D I Q L K Y F D L G L P N R D Q T D D Q V T I D S A L A T Q K Y S V A V K C A T I T P D E A R V E E F K L K K M W K S P N G T I L N I L G G T V F R E P I I C K N I P R L V P G W T K P I T I G R H A H G D Q Y K A T D F V A D R A G T F K M V F T P K D G S G V K E W E V Y N F P A G G V G M G M Y N T D E S I S G F A H S C F Q Y A I Q K K W P L Y M S T K N T I L K A Y D G R F K D I F Q E I F D K H Y K T D F D K N K I W Y E H R L I D D M V A Q V L K S S G G F V W A C K N Y D G D V Q S D I L A Q G F G S L G L M T S V L V C P D G K T I E A E A A H G T V T R H Y R E H Q K G R P T S T N P I A S I F A W T R G L E H R G K L D G N Q D L I R F A Q M L E K V C V E T V E S G A M T K D L A G C I H G L S N V K L N E H F L N T T D F L D T I K S N L D R A L G R Q,IDHP_HUMAN
228,P48735,R172K,1,M A G Y L R V V R S L C R A S G S R P A W A P A A L T A P T S Q E Q P R R H Y A D K R I K V A K P V V E M D G D E M T R I I W Q F I K E K L I L P H V D I Q L K Y F D L G L P N R D Q T D D Q V T I D S A L A T Q K Y S V A V K C A T I T P D E A R V E E F K L K K M W K S P N G T I R N I L G G T V F R E P I I C K N I P R L V P G W T K P I T I G K H A H G D Q Y K A T D F V A D R A G T F K M V F T P K D G S G V K E W E V Y N F P A G G V G M G M Y N T D E S I S G F A H S C F Q Y A I Q K K W P L Y M S T K N T I L K A Y D G R F K D I F Q E I F D K H Y K T D F D K N K I W Y E H R L I D D M V A Q V L K S S G G F V W A C K N Y D G D V Q S D I L A Q G F G S L G L M T S V L V C P D G K T I E A E A A H G T V T R H Y R E H Q K G R P T S T N P I A S I F A W T R G L E H R G K L D G N Q D L I R F A Q M L E K V C V E T V E S G A M T K D L A G C I H G L S N V K L N E H F L N T T D F L D T I K S N L D R A L G R Q,IDHP_HUMAN
229,P48735,R140G,0,M A G Y L R V V R S L C R A S G S R P A W A P A A L T A P T S Q E Q P R R H Y A D K R I K V A K P V V E M D G D E M T R I I W Q F I K E K L I L P H V D I Q L K Y F D L G L P N R D Q T D D Q V T I D S A L A T Q K Y S V A V K C A T I T P D E A R V E E F K L K K M W K S P N G T I G N I L G G T V F R E P I I C K N I P R L V P G W T K P I T I G R H A H G D Q Y K A T D F V A D R A G T F K M V F T P K D G S G V K E W E V Y N F P A G G V G M G M Y N T D E S I S G F A H S C F Q Y A I Q K K W P L Y M S T K N T I L K A Y D G R F K D I F Q E I F D K H Y K T D F D K N K I W Y E H R L I D D M V A Q V L K S S G G F V W A C K N Y D G D V Q S D I L A Q G F G S L G L M T S V L V C P D G K T I E A E A A H G T V T R H Y R E H Q K G R P T S T N P I A S I F A W T R G L E H R G K L D G N Q D L I R F A Q M L E K V C V E T V E S G A M T K D L A G C I H G L S N V K L N E H F L N T T D F L D T I K S N L D R A L G R Q,IDHP_HUMAN
230,P48735,R140W,1,M A G Y L R V V R S L C R A S G S R P A W A P A A L T A P T S Q E Q P R R H Y A D K R I K V A K P V V E M D G D E M T R I I W Q F I K E K L I L P H V D I Q L K Y F D L G L P N R D Q T D D Q V T I D S A L A T Q K Y S V A V K C A T I T P D E A R V E E F K L K K M W K S P N G T I W N I L G G T V F R E P I I C K N I P R L V P G W T K P I T I G R H A H G D Q Y K A T D F V A D R A G T F K M V F T P K D G S G V K E W E V Y N F P A G G V G M G M Y N T D E S I S G F A H S C F Q Y A I Q K K W P L Y M S T K N T I L K A Y D G R F K D I F Q E I F D K H Y K T D F D K N K I W Y E H R L I D D M V A Q V L K S S G G F V W A C K N Y D G D V Q S D I L A Q G F G S L G L M T S V L V C P D G K T I E A E A A H G T V T R H Y R E H Q K G R P T S T N P I A S I F A W T R G L E H R G K L D G N Q D L I R F A Q M L E K V C V E T V E S G A M T K D L A G C I H G L S N V K L N E H F L N T T D F L D T I K S N L D R A L G R Q,IDHP_HUMAN
231,P25445,I310S,0,M L G I W T L L P L V L T S V A R L S S K S V N A Q V T D I N S K G L E L R K T V T T V E T Q N L E G L H H D G Q F C H K P C P P G E R K A R D C T V N G D E P D C V P C Q E G K E Y T D K A H F S S K C R R C R L C D E G H G L E V E I N C T R T Q N T K C R C K P N F F C N S T V C E H C D P C T K C E H G I I K E C T L T S N T K C K E E G S R S N L G W L C L L L L P I P L I V W V K R K E V Q K T C R K H R K E N Q G S H E S P T L N P E T V A I N L S D V D L S K Y I T T I A G V M T L S Q V K G F V R K N G V N E A K I D E I K N D N V Q D T A E Q K V Q L L R N W H Q L H G K K E A Y D T L I K D L K K A N L C T L A E K S Q T I I L K D I T S D S E N S N F R N E I Q S L V,TNR6_HUMAN
232,P25445,D260Y,0,M L G I W T L L P L V L T S V A R L S S K S V N A Q V T D I N S K G L E L R K T V T T V E T Q N L E G L H H D G Q F C H K P C P P G E R K A R D C T V N G D E P D C V P C Q E G K E Y T D K A H F S S K C R R C R L C D E G H G L E V E I N C T R T Q N T K C R C K P N F F C N S T V C E H C D P C T K C E H G I I K E C T L T S N T K C K E E G S R S N L G W L C L L L L P I P L I V W V K R K E V Q K T C R K H R K E N Q G S H E S P T L N P E T V A I N L S D V D L S K Y I T T I A G V M T L S Q V K G F V R K N G V N E A K I Y E I K N D N V Q D T A E Q K V Q L L R N W H Q L H G K K E A Y D T L I K D L K K A N L C T L A E K I Q T I I L K D I T S D S E N S N F R N E I Q S L V,TNR6_HUMAN
233,P25445,I184V,0,M L G I W T L L P L V L T S V A R L S S K S V N A Q V T D I N S K G L E L R K T V T T V E T Q N L E G L H H D G Q F C H K P C P P G E R K A R D C T V N G D E P D C V P C Q E G K E Y T D K A H F S S K C R R C R L C D E G H G L E V E I N C T R T Q N T K C R C K P N F F C N S T V C E H C D P C T K C E H G I I K E C T L T S N T K C K E E G S R S N L G W L C L L L L P V P L I V W V K R K E V Q K T C R K H R K E N Q G S H E S P T L N P E T V A I N L S D V D L S K Y I T T I A G V M T L S Q V K G F V R K N G V N E A K I D E I K N D N V Q D T A E Q K V Q L L R N W H Q L H G K K E A Y D T L I K D L K K A N L C T L A E K I Q T I I L K D I T S D S E N S N F R N E I Q S L V,TNR6_HUMAN
234,P25445,T28A,0,M L G I W T L L P L V L T S V A R L S S K S V N A Q V A D I N S K G L E L R K T V T T V E T Q N L E G L H H D G Q F C H K P C P P G E R K A R D C T V N G D E P D C V P C Q E G K E Y T D K A H F S S K C R R C R L C D E G H G L E V E I N C T R T Q N T K C R C K P N F F C N S T V C E H C D P C T K C E H G I I K E C T L T S N T K C K E E G S R S N L G W L C L L L L P I P L I V W V K R K E V Q K T C R K H R K E N Q G S H E S P T L N P E T V A I N L S D V D L S K Y I T T I A G V M T L S Q V K G F V R K N G V N E A K I D E I K N D N V Q D T A E Q K V Q L L R N W H Q L H G K K E A Y D T L I K D L K K A N L C T L A E K I Q T I I L K D I T S D S E N S N F R N E I Q S L V,TNR6_HUMAN
235,P25445,C82R,0,M L G I W T L L P L V L T S V A R L S S K S V N A Q V T D I N S K G L E L R K T V T T V E T Q N L E G L H H D G Q F C H K P C P P G E R K A R D C T V N G D E P D R V P C Q E G K E Y T D K A H F S S K C R R C R L C D E G H G L E V E I N C T R T Q N T K C R C K P N F F C N S T V C E H C D P C T K C E H G I I K E C T L T S N T K C K E E G S R S N L G W L C L L L L P I P L I V W V K R K E V Q K T C R K H R K E N Q G S H E S P T L N P E T V A I N L S D V D L S K Y I T T I A G V M T L S Q V K G F V R K N G V N E A K I D E I K N D N V Q D T A E Q K V Q L L R N W H Q L H G K K E A Y D T L I K D L K K A N L C T L A E K I Q T I I L K D I T S D S E N S N F R N E I Q S L V,TNR6_HUMAN
238,P25445,N118S,1,M L G I W T L L P L V L T S V A R L S S K S V N A Q V T D I N S K G L E L R K T V T T V E T Q N L E G L H H D G Q F C H K P C P P G E R K A R D C T V N G D E P D C V P C Q E G K E Y T D K A H F S S K C R R C R L C D E G H G L E V E I S C T R T Q N T K C R C K P N F F C N S T V C E H C D P C T K C E H G I I K E C T L T S N T K C K E E G S R S N L G W L C L L L L P I P L I V W V K R K E V Q K T C R K H R K E N Q G S H E S P T L N P E T V A I N L S D V D L S K Y I T T I A G V M T L S Q V K G F V R K N G V N E A K I D E I K N D N V Q D T A E Q K V Q L L R N W H Q L H G K K E A Y D T L I K D L K K A N L C T L A E K I Q T I I L K D I T S D S E N S N F R N E I Q S L V,TNR6_HUMAN
239,P25445,R121W,0,M L G I W T L L P L V L T S V A R L S S K S V N A Q V T D I N S K G L E L R K T V T T V E T Q N L E G L H H D G Q F C H K P C P P G E R K A R D C T V N G D E P D C V P C Q E G K E Y T D K A H F S S K C R R C R L C D E G H G L E V E I N C T W T Q N T K C R C K P N F F C N S T V C E H C D P C T K C E H G I I K E C T L T S N T K C K E E G S R S N L G W L C L L L L P I P L I V W V K R K E V Q K T C R K H R K E N Q G S H E S P T L N P E T V A I N L S D V D L S K Y I T T I A G V M T L S Q V K G F V R K N G V N E A K I D E I K N D N V Q D T A E Q K V Q L L R N W H Q L H G K K E A Y D T L I K D L K K A N L C T L A E K I Q T I I L K D I T S D S E N S N F R N E I Q S L V,TNR6_HUMAN
240,P25445,T270K,0,M L G I W T L L P L V L T S V A R L S S K S V N A Q V T D I N S K G L E L R K T V T T V E T Q N L E G L H H D G Q F C H K P C P P G E R K A R D C T V N G D E P D C V P C Q E G K E Y T D K A H F S S K C R R C R L C D E G H G L E V E I N C T R T Q N T K C R C K P N F F C N S T V C E H C D P C T K C E H G I I K E C T L T S N T K C K E E G S R S N L G W L C L L L L P I P L I V W V K R K E V Q K T C R K H R K E N Q G S H E S P T L N P E T V A I N L S D V D L S K Y I T T I A G V M T L S Q V K G F V R K N G V N E A K I D E I K N D N V Q D K A E Q K V Q L L R N W H Q L H G K K E A Y D T L I K D L K K A N L C T L A E K I Q T I I L K D I T S D S E N S N F R N E I Q S L V,TNR6_HUMAN
241,P25445,I262S,0,M L G I W T L L P L V L T S V A R L S S K S V N A Q V T D I N S K G L E L R K T V T T V E T Q N L E G L H H D G Q F C H K P C P P G E R K A R D C T V N G D E P D C V P C Q E G K E Y T D K A H F S S K C R R C R L C D E G H G L E V E I N C T R T Q N T K C R C K P N F F C N S T V C E H C D P C T K C E H G I I K E C T L T S N T K C K E E G S R S N L G W L C L L L L P I P L I V W V K R K E V Q K T C R K H R K E N Q G S H E S P T L N P E T V A I N L S D V D L S K Y I T T I A G V M T L S Q V K G F V R K N G V N E A K I D E S K N D N V Q D T A E Q K V Q L L R N W H Q L H G K K E A Y D T L I K D L K K A N L C T L A E K I Q T I I L K D I T S D S E N S N F R N E I Q S L V,TNR6_HUMAN
243,P25445,E272G,0,M L G I W T L L P L V L T S V A R L S S K S V N A Q V T D I N S K G L E L R K T V T T V E T Q N L E G L H H D G Q F C H K P C P P G E R K A R D C T V N G D E P D C V P C Q E G K E Y T D K A H F S S K C R R C R L C D E G H G L E V E I N C T R T Q N T K C R C K P N F F C N S T V C E H C D P C T K C E H G I I K E C T L T S N T K C K E E G S R S N L G W L C L L L L P I P L I V W V K R K E V Q K T C R K H R K E N Q G S H E S P T L N P E T V A I N L S D V D L S K Y I T T I A G V M T L S Q V K G F V R K N G V N E A K I D E I K N D N V Q D T A G Q K V Q L L R N W H Q L H G K K E A Y D T L I K D L K K A N L C T L A E K I Q T I I L K D I T S D S E N S N F R N E I Q S L V,TNR6_HUMAN
244,P25445,N255D,1,M L G I W T L L P L V L T S V A R L S S K S V N A Q V T D I N S K G L E L R K T V T T V E T Q N L E G L H H D G Q F C H K P C P P G E R K A R D C T V N G D E P D C V P C Q E G K E Y T D K A H F S S K C R R C R L C D E G H G L E V E I N C T R T Q N T K C R C K P N F F C N S T V C E H C D P C T K C E H G I I K E C T L T S N T K C K E E G S R S N L G W L C L L L L P I P L I V W V K R K E V Q K T C R K H R K E N Q G S H E S P T L N P E T V A I N L S D V D L S K Y I T T I A G V M T L S Q V K G F V R K N G V D E A K I D E I K N D N V Q D T A E Q K V Q L L R N W H Q L H G K K E A Y D T L I K D L K K A N L C T L A E K I Q T I I L K D I T S D S E N S N F R N E I Q S L V,TNR6_HUMAN
245,P25445,R250Q,0,M L G I W T L L P L V L T S V A R L S S K S V N A Q V T D I N S K G L E L R K T V T T V E T Q N L E G L H H D G Q F C H K P C P P G E R K A R D C T V N G D E P D C V P C Q E G K E Y T D K A H F S S K C R R C R L C D E G H G L E V E I N C T R T Q N T K C R C K P N F F C N S T V C E H C D P C T K C E H G I I K E C T L T S N T K C K E E G S R S N L G W L C L L L L P I P L I V W V K R K E V Q K T C R K H R K E N Q G S H E S P T L N P E T V A I N L S D V D L S K Y I T T I A G V M T L S Q V K G F V Q K N G V N E A K I D E I K N D N V Q D T A E Q K V Q L L R N W H Q L H G K K E A Y D T L I K D L K K A N L C T L A E K I Q T I I L K D I T S D S E N S N F R N E I Q S L V,TNR6_HUMAN
246,P25445,G253D,0,M L G I W T L L P L V L T S V A R L S S K S V N A Q V T D I N S K G L E L R K T V T T V E T Q N L E G L H H D G Q F C H K P C P P G E R K A R D C T V N G D E P D C V P C Q E G K E Y T D K A H F S S K C R R C R L C D E G H G L E V E I N C T R T Q N T K C R C K P N F F C N S T V C E H C D P C T K C E H G I I K E C T L T S N T K C K E E G S R S N L G W L C L L L L P I P L I V W V K R K E V Q K T C R K H R K E N Q G S H E S P T L N P E T V A I N L S D V D L S K Y I T T I A G V M T L S Q V K G F V R K N D V N E A K I D E I K N D N V Q D T A E Q K V Q L L R N W H Q L H G K K E A Y D T L I K D L K K A N L C T L A E K I Q T I I L K D I T S D S E N S N F R N E I Q S L V,TNR6_HUMAN
