,identifier,variant,gene,wt,mut,label
53,P10415,G33R,BCL2_HUMAN,M A H A G R T G Y D N R E I V M K Y I H Y K L S Q R G Y E W D A G D V G A A P P G A A P A P G I F S S Q P G H T P H P A A S R D P V A R T S P L Q T P A A P G A A A G P A L S P V P P V V H L T L R Q A G D D F S R R Y R R D F A E M S S Q L H L T P F T A R G R F A T V V E E L F R D G V N W G R I V A F F E F G G V M C V E S V N R E M S P L V D N I A L W M T E Y L N R H L H T W I Q D N G G W D A F V E L Y G P S M R P L F D F S W L S L K T L L S L A L V G A C I T L G A Y L G H K,M A H A G R T G Y D N R E I V M K Y I H Y K L S Q R G Y E W D A R D V G A A P P G A A P A P G I F S S Q P G H T P H P A A S R D P V A R T S P L Q T P A A P G A A A G P A L S P V P P V V H L T L R Q A G D D F S R R Y R R D F A E M S S Q L H L T P F T A R G R F A T V V E E L F R D G V N W G R I V A F F E F G G V M C V E S V N R E M S P L V D N I A L W M T E Y L N R H L H T W I Q D N G G W D A F V E L Y G P S M R P L F D F S W L S L K T L L S L A L V G A C I T L G A Y L G H K,1
54,P10415,A43T,BCL2_HUMAN,M A H A G R T G Y D N R E I V M K Y I H Y K L S Q R G Y E W D A G D V G A A P P G A A P A P G I F S S Q P G H T P H P A A S R D P V A R T S P L Q T P A A P G A A A G P A L S P V P P V V H L T L R Q A G D D F S R R Y R R D F A E M S S Q L H L T P F T A R G R F A T V V E E L F R D G V N W G R I V A F F E F G G V M C V E S V N R E M S P L V D N I A L W M T E Y L N R H L H T W I Q D N G G W D A F V E L Y G P S M R P L F D F S W L S L K T L L S L A L V G A C I T L G A Y L G H K,M A H A G R T G Y D N R E I V M K Y I H Y K L S Q R G Y E W D A G D V G A A P P G A T P A P G I F S S Q P G H T P H P A A S R D P V A R T S P L Q T P A A P G A A A G P A L S P V P P V V H L T L R Q A G D D F S R R Y R R D F A E M S S Q L H L T P F T A R G R F A T V V E E L F R D G V N W G R I V A F F E F G G V M C V E S V N R E M S P L V D N I A L W M T E Y L N R H L H T W I Q D N G G W D A F V E L Y G P S M R P L F D F S W L S L K T L L S L A L V G A C I T L G A Y L G H K,0
55,P10415,T7S,BCL2_HUMAN,M A H A G R T G Y D N R E I V M K Y I H Y K L S Q R G Y E W D A G D V G A A P P G A A P A P G I F S S Q P G H T P H P A A S R D P V A R T S P L Q T P A A P G A A A G P A L S P V P P V V H L T L R Q A G D D F S R R Y R R D F A E M S S Q L H L T P F T A R G R F A T V V E E L F R D G V N W G R I V A F F E F G G V M C V E S V N R E M S P L V D N I A L W M T E Y L N R H L H T W I Q D N G G W D A F V E L Y G P S M R P L F D F S W L S L K T L L S L A L V G A C I T L G A Y L G H K,M A H A G R S G Y D N R E I V M K Y I H Y K L S Q R G Y E W D A G D V G A A P P G A A P A P G I F S S Q P G H T P H P A A S R D P V A R T S P L Q T P A A P G A A A G P A L S P V P P V V H L T L R Q A G D D F S R R Y R R D F A E M S S Q L H L T P F T A R G R F A T V V E E L F R D G V N W G R I V A F F E F G G V M C V E S V N R E M S P L V D N I A L W M T E Y L N R H L H T W I Q D N G G W D A F V E L Y G P S M R P L F D F S W L S L K T L L S L A L V G A C I T L G A Y L G H K,0
64,P31749,Q79E,AKT1_HUMAN,M S D V A I V K E G W L H K R G E Y I K T W R P R Y F L L K N D G T F I G Y K E R P Q D V D Q R E A P L N N F S V A Q C Q L M K T E R P R P N T F I I R C L Q W T T V I E R T F H V E T P E E R E E W T T A I Q T V A D G L K K Q E E E E M D F R S G S P S D N S G A E E M E V S L A K P K H R V T M N E F E Y L K L L G K G T F G K V I L V K E K A T G R Y Y A M K I L K K E V I V A K D E V A H T L T E N R V L Q N S R H P F L T A L K Y S F Q T H D R L C F V M E Y A N G G E L F F H L S R E R V F S E D R A R F Y G A E I V S A L D Y L H S E K N V V Y R D L K L E N L M L D K D G H I K I T D F G L C K E G I K D G A T M K T F C G T P E Y L A P E V L E D N D Y G R A V D W W G L G V V M Y E M M C G R L P F Y N Q D H E K L F E L I L M E E I R F P R T L G P E A K S L L S G L L K K D P K Q R L G G G S E D A K E I M Q H R F F A G I V W Q H V Y E K K L S P P F K P Q V T S E T D T R Y F D E E F T A Q M I T I T P P D Q D D S M E C V D S E R R P H F P Q F S Y S A S G T A,M S D V A I V K E G W L H K R G E Y I K T W R P R Y F L L K N D G T F I G Y K E R P Q D V D Q R E A P L N N F S V A Q C Q L M K T E R P R P N T F I I R C L E W T T V I E R T F H V E T P E E R E E W T T A I Q T V A D G L K K Q E E E E M D F R S G S P S D N S G A E E M E V S L A K P K H R V T M N E F E Y L K L L G K G T F G K V I L V K E K A T G R Y Y A M K I L K K E V I V A K D E V A H T L T E N R V L Q N S R H P F L T A L K Y S F Q T H D R L C F V M E Y A N G G E L F F H L S R E R V F S E D R A R F Y G A E I V S A L D Y L H S E K N V V Y R D L K L E N L M L D K D G H I K I T D F G L C K E G I K D G A T M K T F C G T P E Y L A P E V L E D N D Y G R A V D W W G L G V V M Y E M M C G R L P F Y N Q D H E K L F E L I L M E E I R F P R T L G P E A K S L L S G L L K K D P K Q R L G G G S E D A K E I M Q H R F F A G I V W Q H V Y E K K L S P P F K P Q V T S E T D T R Y F D E E F T A Q M I T I T P P D Q D D S M E C V D S E R R P H F P Q F S Y S A S G T A,1
67,P31749,G311D,AKT1_HUMAN,M S D V A I V K E G W L H K R G E Y I K T W R P R Y F L L K N D G T F I G Y K E R P Q D V D Q R E A P L N N F S V A Q C Q L M K T E R P R P N T F I I R C L Q W T T V I E R T F H V E T P E E R E E W T T A I Q T V A D G L K K Q E E E E M D F R S G S P S D N S G A E E M E V S L A K P K H R V T M N E F E Y L K L L G K G T F G K V I L V K E K A T G R Y Y A M K I L K K E V I V A K D E V A H T L T E N R V L Q N S R H P F L T A L K Y S F Q T H D R L C F V M E Y A N G G E L F F H L S R E R V F S E D R A R F Y G A E I V S A L D Y L H S E K N V V Y R D L K L E N L M L D K D G H I K I T D F G L C K E G I K D G A T M K T F C G T P E Y L A P E V L E D N D Y G R A V D W W G L G V V M Y E M M C G R L P F Y N Q D H E K L F E L I L M E E I R F P R T L G P E A K S L L S G L L K K D P K Q R L G G G S E D A K E I M Q H R F F A G I V W Q H V Y E K K L S P P F K P Q V T S E T D T R Y F D E E F T A Q M I T I T P P D Q D D S M E C V D S E R R P H F P Q F S Y S A S G T A,M S D V A I V K E G W L H K R G E Y I K T W R P R Y F L L K N D G T F I G Y K E R P Q D V D Q R E A P L N N F S V A Q C Q L M K T E R P R P N T F I I R C L Q W T T V I E R T F H V E T P E E R E E W T T A I Q T V A D G L K K Q E E E E M D F R S G S P S D N S G A E E M E V S L A K P K H R V T M N E F E Y L K L L G K G T F G K V I L V K E K A T G R Y Y A M K I L K K E V I V A K D E V A H T L T E N R V L Q N S R H P F L T A L K Y S F Q T H D R L C F V M E Y A N G G E L F F H L S R E R V F S E D R A R F Y G A E I V S A L D Y L H S E K N V V Y R D L K L E N L M L D K D G H I K I T D F G L C K E G I K D G A T M K T F C D T P E Y L A P E V L E D N D Y G R A V D W W G L G V V M Y E M M C G R L P F Y N Q D H E K L F E L I L M E E I R F P R T L G P E A K S L L S G L L K K D P K Q R L G G G S E D A K E I M Q H R F F A G I V W Q H V Y E K K L S P P F K P Q V T S E T D T R Y F D E E F T A Q M I T I T P P D Q D D S M E C V D S E R R P H F P Q F S Y S A S G T A,1
68,P31749,K189N,AKT1_HUMAN,M S D V A I V K E G W L H K R G E Y I K T W R P R Y F L L K N D G T F I G Y K E R P Q D V D Q R E A P L N N F S V A Q C Q L M K T E R P R P N T F I I R C L Q W T T V I E R T F H V E T P E E R E E W T T A I Q T V A D G L K K Q E E E E M D F R S G S P S D N S G A E E M E V S L A K P K H R V T M N E F E Y L K L L G K G T F G K V I L V K E K A T G R Y Y A M K I L K K E V I V A K D E V A H T L T E N R V L Q N S R H P F L T A L K Y S F Q T H D R L C F V M E Y A N G G E L F F H L S R E R V F S E D R A R F Y G A E I V S A L D Y L H S E K N V V Y R D L K L E N L M L D K D G H I K I T D F G L C K E G I K D G A T M K T F C G T P E Y L A P E V L E D N D Y G R A V D W W G L G V V M Y E M M C G R L P F Y N Q D H E K L F E L I L M E E I R F P R T L G P E A K S L L S G L L K K D P K Q R L G G G S E D A K E I M Q H R F F A G I V W Q H V Y E K K L S P P F K P Q V T S E T D T R Y F D E E F T A Q M I T I T P P D Q D D S M E C V D S E R R P H F P Q F S Y S A S G T A,M S D V A I V K E G W L H K R G E Y I K T W R P R Y F L L K N D G T F I G Y K E R P Q D V D Q R E A P L N N F S V A Q C Q L M K T E R P R P N T F I I R C L Q W T T V I E R T F H V E T P E E R E E W T T A I Q T V A D G L K K Q E E E E M D F R S G S P S D N S G A E E M E V S L A K P K H R V T M N E F E Y L K L L G K G T F G K V I L V K E K A T G R Y Y A M K I L K K E V I V A N D E V A H T L T E N R V L Q N S R H P F L T A L K Y S F Q T H D R L C F V M E Y A N G G E L F F H L S R E R V F S E D R A R F Y G A E I V S A L D Y L H S E K N V V Y R D L K L E N L M L D K D G H I K I T D F G L C K E G I K D G A T M K T F C G T P E Y L A P E V L E D N D Y G R A V D W W G L G V V M Y E M M C G R L P F Y N Q D H E K L F E L I L M E E I R F P R T L G P E A K S L L S G L L K K D P K Q R L G G G S E D A K E I M Q H R F F A G I V W Q H V Y E K K L S P P F K P Q V T S E T D T R Y F D E E F T A Q M I T I T P P D Q D D S M E C V D S E R R P H F P Q F S Y S A S G T A,1
69,P31749,E267G,AKT1_HUMAN,M S D V A I V K E G W L H K R G E Y I K T W R P R Y F L L K N D G T F I G Y K E R P Q D V D Q R E A P L N N F S V A Q C Q L M K T E R P R P N T F I I R C L Q W T T V I E R T F H V E T P E E R E E W T T A I Q T V A D G L K K Q E E E E M D F R S G S P S D N S G A E E M E V S L A K P K H R V T M N E F E Y L K L L G K G T F G K V I L V K E K A T G R Y Y A M K I L K K E V I V A K D E V A H T L T E N R V L Q N S R H P F L T A L K Y S F Q T H D R L C F V M E Y A N G G E L F F H L S R E R V F S E D R A R F Y G A E I V S A L D Y L H S E K N V V Y R D L K L E N L M L D K D G H I K I T D F G L C K E G I K D G A T M K T F C G T P E Y L A P E V L E D N D Y G R A V D W W G L G V V M Y E M M C G R L P F Y N Q D H E K L F E L I L M E E I R F P R T L G P E A K S L L S G L L K K D P K Q R L G G G S E D A K E I M Q H R F F A G I V W Q H V Y E K K L S P P F K P Q V T S E T D T R Y F D E E F T A Q M I T I T P P D Q D D S M E C V D S E R R P H F P Q F S Y S A S G T A,M S D V A I V K E G W L H K R G E Y I K T W R P R Y F L L K N D G T F I G Y K E R P Q D V D Q R E A P L N N F S V A Q C Q L M K T E R P R P N T F I I R C L Q W T T V I E R T F H V E T P E E R E E W T T A I Q T V A D G L K K Q E E E E M D F R S G S P S D N S G A E E M E V S L A K P K H R V T M N E F E Y L K L L G K G T F G K V I L V K E K A T G R Y Y A M K I L K K E V I V A K D E V A H T L T E N R V L Q N S R H P F L T A L K Y S F Q T H D R L C F V M E Y A N G G E L F F H L S R E R V F S E D R A R F Y G A E I V S A L D Y L H S G K N V V Y R D L K L E N L M L D K D G H I K I T D F G L C K E G I K D G A T M K T F C G T P E Y L A P E V L E D N D Y G R A V D W W G L G V V M Y E M M C G R L P F Y N Q D H E K L F E L I L M E E I R F P R T L G P E A K S L L S G L L K K D P K Q R L G G G S E D A K E I M Q H R F F A G I V W Q H V Y E K K L S P P F K P Q V T S E T D T R Y F D E E F T A Q M I T I T P P D Q D D S M E C V D S E R R P H F P Q F S Y S A S G T A,1
70,P31749,E40K,AKT1_HUMAN,M S D V A I V K E G W L H K R G E Y I K T W R P R Y F L L K N D G T F I G Y K E R P Q D V D Q R E A P L N N F S V A Q C Q L M K T E R P R P N T F I I R C L Q W T T V I E R T F H V E T P E E R E E W T T A I Q T V A D G L K K Q E E E E M D F R S G S P S D N S G A E E M E V S L A K P K H R V T M N E F E Y L K L L G K G T F G K V I L V K E K A T G R Y Y A M K I L K K E V I V A K D E V A H T L T E N R V L Q N S R H P F L T A L K Y S F Q T H D R L C F V M E Y A N G G E L F F H L S R E R V F S E D R A R F Y G A E I V S A L D Y L H S E K N V V Y R D L K L E N L M L D K D G H I K I T D F G L C K E G I K D G A T M K T F C G T P E Y L A P E V L E D N D Y G R A V D W W G L G V V M Y E M M C G R L P F Y N Q D H E K L F E L I L M E E I R F P R T L G P E A K S L L S G L L K K D P K Q R L G G G S E D A K E I M Q H R F F A G I V W Q H V Y E K K L S P P F K P Q V T S E T D T R Y F D E E F T A Q M I T I T P P D Q D D S M E C V D S E R R P H F P Q F S Y S A S G T A,M S D V A I V K E G W L H K R G E Y I K T W R P R Y F L L K N D G T F I G Y K K R P Q D V D Q R E A P L N N F S V A Q C Q L M K T E R P R P N T F I I R C L Q W T T V I E R T F H V E T P E E R E E W T T A I Q T V A D G L K K Q E E E E M D F R S G S P S D N S G A E E M E V S L A K P K H R V T M N E F E Y L K L L G K G T F G K V I L V K E K A T G R Y Y A M K I L K K E V I V A K D E V A H T L T E N R V L Q N S R H P F L T A L K Y S F Q T H D R L C F V M E Y A N G G E L F F H L S R E R V F S E D R A R F Y G A E I V S A L D Y L H S E K N V V Y R D L K L E N L M L D K D G H I K I T D F G L C K E G I K D G A T M K T F C G T P E Y L A P E V L E D N D Y G R A V D W W G L G V V M Y E M M C G R L P F Y N Q D H E K L F E L I L M E E I R F P R T L G P E A K S L L S G L L K K D P K Q R L G G G S E D A K E I M Q H R F F A G I V W Q H V Y E K K L S P P F K P Q V T S E T D T R Y F D E E F T A Q M I T I T P P D Q D D S M E C V D S E R R P H F P Q F S Y S A S G T A,1
71,P31749,T435P,AKT1_HUMAN,M S D V A I V K E G W L H K R G E Y I K T W R P R Y F L L K N D G T F I G Y K E R P Q D V D Q R E A P L N N F S V A Q C Q L M K T E R P R P N T F I I R C L Q W T T V I E R T F H V E T P E E R E E W T T A I Q T V A D G L K K Q E E E E M D F R S G S P S D N S G A E E M E V S L A K P K H R V T M N E F E Y L K L L G K G T F G K V I L V K E K A T G R Y Y A M K I L K K E V I V A K D E V A H T L T E N R V L Q N S R H P F L T A L K Y S F Q T H D R L C F V M E Y A N G G E L F F H L S R E R V F S E D R A R F Y G A E I V S A L D Y L H S E K N V V Y R D L K L E N L M L D K D G H I K I T D F G L C K E G I K D G A T M K T F C G T P E Y L A P E V L E D N D Y G R A V D W W G L G V V M Y E M M C G R L P F Y N Q D H E K L F E L I L M E E I R F P R T L G P E A K S L L S G L L K K D P K Q R L G G G S E D A K E I M Q H R F F A G I V W Q H V Y E K K L S P P F K P Q V T S E T D T R Y F D E E F T A Q M I T I T P P D Q D D S M E C V D S E R R P H F P Q F S Y S A S G T A,M S D V A I V K E G W L H K R G E Y I K T W R P R Y F L L K N D G T F I G Y K E R P Q D V D Q R E A P L N N F S V A Q C Q L M K T E R P R P N T F I I R C L Q W T T V I E R T F H V E T P E E R E E W T T A I Q T V A D G L K K Q E E E E M D F R S G S P S D N S G A E E M E V S L A K P K H R V T M N E F E Y L K L L G K G T F G K V I L V K E K A T G R Y Y A M K I L K K E V I V A K D E V A H T L T E N R V L Q N S R H P F L T A L K Y S F Q T H D R L C F V M E Y A N G G E L F F H L S R E R V F S E D R A R F Y G A E I V S A L D Y L H S E K N V V Y R D L K L E N L M L D K D G H I K I T D F G L C K E G I K D G A T M K T F C G T P E Y L A P E V L E D N D Y G R A V D W W G L G V V M Y E M M C G R L P F Y N Q D H E K L F E L I L M E E I R F P R T L G P E A K S L L S G L L K K D P K Q R L G G G S E D A K E I M Q H R F F A G I V W Q H V Y E K K L S P P F K P Q V T S E T D P R Y F D E E F T A Q M I T I T P P D Q D D S M E C V D S E R R P H F P Q F S Y S A S G T A,0
72,P31749,E49K,AKT1_HUMAN,M S D V A I V K E G W L H K R G E Y I K T W R P R Y F L L K N D G T F I G Y K E R P Q D V D Q R E A P L N N F S V A Q C Q L M K T E R P R P N T F I I R C L Q W T T V I E R T F H V E T P E E R E E W T T A I Q T V A D G L K K Q E E E E M D F R S G S P S D N S G A E E M E V S L A K P K H R V T M N E F E Y L K L L G K G T F G K V I L V K E K A T G R Y Y A M K I L K K E V I V A K D E V A H T L T E N R V L Q N S R H P F L T A L K Y S F Q T H D R L C F V M E Y A N G G E L F F H L S R E R V F S E D R A R F Y G A E I V S A L D Y L H S E K N V V Y R D L K L E N L M L D K D G H I K I T D F G L C K E G I K D G A T M K T F C G T P E Y L A P E V L E D N D Y G R A V D W W G L G V V M Y E M M C G R L P F Y N Q D H E K L F E L I L M E E I R F P R T L G P E A K S L L S G L L K K D P K Q R L G G G S E D A K E I M Q H R F F A G I V W Q H V Y E K K L S P P F K P Q V T S E T D T R Y F D E E F T A Q M I T I T P P D Q D D S M E C V D S E R R P H F P Q F S Y S A S G T A,M S D V A I V K E G W L H K R G E Y I K T W R P R Y F L L K N D G T F I G Y K E R P Q D V D Q R K A P L N N F S V A Q C Q L M K T E R P R P N T F I I R C L Q W T T V I E R T F H V E T P E E R E E W T T A I Q T V A D G L K K Q E E E E M D F R S G S P S D N S G A E E M E V S L A K P K H R V T M N E F E Y L K L L G K G T F G K V I L V K E K A T G R Y Y A M K I L K K E V I V A K D E V A H T L T E N R V L Q N S R H P F L T A L K Y S F Q T H D R L C F V M E Y A N G G E L F F H L S R E R V F S E D R A R F Y G A E I V S A L D Y L H S E K N V V Y R D L K L E N L M L D K D G H I K I T D F G L C K E G I K D G A T M K T F C G T P E Y L A P E V L E D N D Y G R A V D W W G L G V V M Y E M M C G R L P F Y N Q D H E K L F E L I L M E E I R F P R T L G P E A K S L L S G L L K K D P K Q R L G G G S E D A K E I M Q H R F F A G I V W Q H V Y E K K L S P P F K P Q V T S E T D T R Y F D E E F T A Q M I T I T P P D Q D D S M E C V D S E R R P H F P Q F S Y S A S G T A,1
73,P31749,Q79K,AKT1_HUMAN,M S D V A I V K E G W L H K R G E Y I K T W R P R Y F L L K N D G T F I G Y K E R P Q D V D Q R E A P L N N F S V A Q C Q L M K T E R P R P N T F I I R C L Q W T T V I E R T F H V E T P E E R E E W T T A I Q T V A D G L K K Q E E E E M D F R S G S P S D N S G A E E M E V S L A K P K H R V T M N E F E Y L K L L G K G T F G K V I L V K E K A T G R Y Y A M K I L K K E V I V A K D E V A H T L T E N R V L Q N S R H P F L T A L K Y S F Q T H D R L C F V M E Y A N G G E L F F H L S R E R V F S E D R A R F Y G A E I V S A L D Y L H S E K N V V Y R D L K L E N L M L D K D G H I K I T D F G L C K E G I K D G A T M K T F C G T P E Y L A P E V L E D N D Y G R A V D W W G L G V V M Y E M M C G R L P F Y N Q D H E K L F E L I L M E E I R F P R T L G P E A K S L L S G L L K K D P K Q R L G G G S E D A K E I M Q H R F F A G I V W Q H V Y E K K L S P P F K P Q V T S E T D T R Y F D E E F T A Q M I T I T P P D Q D D S M E C V D S E R R P H F P Q F S Y S A S G T A,M S D V A I V K E G W L H K R G E Y I K T W R P R Y F L L K N D G T F I G Y K E R P Q D V D Q R E A P L N N F S V A Q C Q L M K T E R P R P N T F I I R C L K W T T V I E R T F H V E T P E E R E E W T T A I Q T V A D G L K K Q E E E E M D F R S G S P S D N S G A E E M E V S L A K P K H R V T M N E F E Y L K L L G K G T F G K V I L V K E K A T G R Y Y A M K I L K K E V I V A K D E V A H T L T E N R V L Q N S R H P F L T A L K Y S F Q T H D R L C F V M E Y A N G G E L F F H L S R E R V F S E D R A R F Y G A E I V S A L D Y L H S E K N V V Y R D L K L E N L M L D K D G H I K I T D F G L C K E G I K D G A T M K T F C G T P E Y L A P E V L E D N D Y G R A V D W W G L G V V M Y E M M C G R L P F Y N Q D H E K L F E L I L M E E I R F P R T L G P E A K S L L S G L L K K D P K Q R L G G G S E D A K E I M Q H R F F A G I V W Q H V Y E K K L S P P F K P Q V T S E T D T R Y F D E E F T A Q M I T I T P P D Q D D S M E C V D S E R R P H F P Q F S Y S A S G T A,1
74,P31749,V271A,AKT1_HUMAN,M S D V A I V K E G W L H K R G E Y I K T W R P R Y F L L K N D G T F I G Y K E R P Q D V D Q R E A P L N N F S V A Q C Q L M K T E R P R P N T F I I R C L Q W T T V I E R T F H V E T P E E R E E W T T A I Q T V A D G L K K Q E E E E M D F R S G S P S D N S G A E E M E V S L A K P K H R V T M N E F E Y L K L L G K G T F G K V I L V K E K A T G R Y Y A M K I L K K E V I V A K D E V A H T L T E N R V L Q N S R H P F L T A L K Y S F Q T H D R L C F V M E Y A N G G E L F F H L S R E R V F S E D R A R F Y G A E I V S A L D Y L H S E K N V V Y R D L K L E N L M L D K D G H I K I T D F G L C K E G I K D G A T M K T F C G T P E Y L A P E V L E D N D Y G R A V D W W G L G V V M Y E M M C G R L P F Y N Q D H E K L F E L I L M E E I R F P R T L G P E A K S L L S G L L K K D P K Q R L G G G S E D A K E I M Q H R F F A G I V W Q H V Y E K K L S P P F K P Q V T S E T D T R Y F D E E F T A Q M I T I T P P D Q D D S M E C V D S E R R P H F P Q F S Y S A S G T A,M S D V A I V K E G W L H K R G E Y I K T W R P R Y F L L K N D G T F I G Y K E R P Q D V D Q R E A P L N N F S V A Q C Q L M K T E R P R P N T F I I R C L Q W T T V I E R T F H V E T P E E R E E W T T A I Q T V A D G L K K Q E E E E M D F R S G S P S D N S G A E E M E V S L A K P K H R V T M N E F E Y L K L L G K G T F G K V I L V K E K A T G R Y Y A M K I L K K E V I V A K D E V A H T L T E N R V L Q N S R H P F L T A L K Y S F Q T H D R L C F V M E Y A N G G E L F F H L S R E R V F S E D R A R F Y G A E I V S A L D Y L H S E K N V A Y R D L K L E N L M L D K D G H I K I T D F G L C K E G I K D G A T M K T F C G T P E Y L A P E V L E D N D Y G R A V D W W G L G V V M Y E M M C G R L P F Y N Q D H E K L F E L I L M E E I R F P R T L G P E A K S L L S G L L K K D P K Q R L G G G S E D A K E I M Q H R F F A G I V W Q H V Y E K K L S P P F K P Q V T S E T D T R Y F D E E F T A Q M I T I T P P D Q D D S M E C V D S E R R P H F P Q F S Y S A S G T A,1
75,P31749,D323H,AKT1_HUMAN,M S D V A I V K E G W L H K R G E Y I K T W R P R Y F L L K N D G T F I G Y K E R P Q D V D Q R E A P L N N F S V A Q C Q L M K T E R P R P N T F I I R C L Q W T T V I E R T F H V E T P E E R E E W T T A I Q T V A D G L K K Q E E E E M D F R S G S P S D N S G A E E M E V S L A K P K H R V T M N E F E Y L K L L G K G T F G K V I L V K E K A T G R Y Y A M K I L K K E V I V A K D E V A H T L T E N R V L Q N S R H P F L T A L K Y S F Q T H D R L C F V M E Y A N G G E L F F H L S R E R V F S E D R A R F Y G A E I V S A L D Y L H S E K N V V Y R D L K L E N L M L D K D G H I K I T D F G L C K E G I K D G A T M K T F C G T P E Y L A P E V L E D N D Y G R A V D W W G L G V V M Y E M M C G R L P F Y N Q D H E K L F E L I L M E E I R F P R T L G P E A K S L L S G L L K K D P K Q R L G G G S E D A K E I M Q H R F F A G I V W Q H V Y E K K L S P P F K P Q V T S E T D T R Y F D E E F T A Q M I T I T P P D Q D D S M E C V D S E R R P H F P Q F S Y S A S G T A,M S D V A I V K E G W L H K R G E Y I K T W R P R Y F L L K N D G T F I G Y K E R P Q D V D Q R E A P L N N F S V A Q C Q L M K T E R P R P N T F I I R C L Q W T T V I E R T F H V E T P E E R E E W T T A I Q T V A D G L K K Q E E E E M D F R S G S P S D N S G A E E M E V S L A K P K H R V T M N E F E Y L K L L G K G T F G K V I L V K E K A T G R Y Y A M K I L K K E V I V A K D E V A H T L T E N R V L Q N S R H P F L T A L K Y S F Q T H D R L C F V M E Y A N G G E L F F H L S R E R V F S E D R A R F Y G A E I V S A L D Y L H S E K N V V Y R D L K L E N L M L D K D G H I K I T D F G L C K E G I K D G A T M K T F C G T P E Y L A P E V L E H N D Y G R A V D W W G L G V V M Y E M M C G R L P F Y N Q D H E K L F E L I L M E E I R F P R T L G P E A K S L L S G L L K K D P K Q R L G G G S E D A K E I M Q H R F F A G I V W Q H V Y E K K L S P P F K P Q V T S E T D T R Y F D E E F T A Q M I T I T P P D Q D D S M E C V D S E R R P H F P Q F S Y S A S G T A,1
76,P31749,D325A,AKT1_HUMAN,M S D V A I V K E G W L H K R G E Y I K T W R P R Y F L L K N D G T F I G Y K E R P Q D V D Q R E A P L N N F S V A Q C Q L M K T E R P R P N T F I I R C L Q W T T V I E R T F H V E T P E E R E E W T T A I Q T V A D G L K K Q E E E E M D F R S G S P S D N S G A E E M E V S L A K P K H R V T M N E F E Y L K L L G K G T F G K V I L V K E K A T G R Y Y A M K I L K K E V I V A K D E V A H T L T E N R V L Q N S R H P F L T A L K Y S F Q T H D R L C F V M E Y A N G G E L F F H L S R E R V F S E D R A R F Y G A E I V S A L D Y L H S E K N V V Y R D L K L E N L M L D K D G H I K I T D F G L C K E G I K D G A T M K T F C G T P E Y L A P E V L E D N D Y G R A V D W W G L G V V M Y E M M C G R L P F Y N Q D H E K L F E L I L M E E I R F P R T L G P E A K S L L S G L L K K D P K Q R L G G G S E D A K E I M Q H R F F A G I V W Q H V Y E K K L S P P F K P Q V T S E T D T R Y F D E E F T A Q M I T I T P P D Q D D S M E C V D S E R R P H F P Q F S Y S A S G T A,M S D V A I V K E G W L H K R G E Y I K T W R P R Y F L L K N D G T F I G Y K E R P Q D V D Q R E A P L N N F S V A Q C Q L M K T E R P R P N T F I I R C L Q W T T V I E R T F H V E T P E E R E E W T T A I Q T V A D G L K K Q E E E E M D F R S G S P S D N S G A E E M E V S L A K P K H R V T M N E F E Y L K L L G K G T F G K V I L V K E K A T G R Y Y A M K I L K K E V I V A K D E V A H T L T E N R V L Q N S R H P F L T A L K Y S F Q T H D R L C F V M E Y A N G G E L F F H L S R E R V F S E D R A R F Y G A E I V S A L D Y L H S E K N V V Y R D L K L E N L M L D K D G H I K I T D F G L C K E G I K D G A T M K T F C G T P E Y L A P E V L E D N A Y G R A V D W W G L G V V M Y E M M C G R L P F Y N Q D H E K L F E L I L M E E I R F P R T L G P E A K S L L S G L L K K D P K Q R L G G G S E D A K E I M Q H R F F A G I V W Q H V Y E K K L S P P F K P Q V T S E T D T R Y F D E E F T A Q M I T I T P P D Q D D S M E C V D S E R R P H F P Q F S Y S A S G T A,1
77,P31749,H238Y,AKT1_HUMAN,M S D V A I V K E G W L H K R G E Y I K T W R P R Y F L L K N D G T F I G Y K E R P Q D V D Q R E A P L N N F S V A Q C Q L M K T E R P R P N T F I I R C L Q W T T V I E R T F H V E T P E E R E E W T T A I Q T V A D G L K K Q E E E E M D F R S G S P S D N S G A E E M E V S L A K P K H R V T M N E F E Y L K L L G K G T F G K V I L V K E K A T G R Y Y A M K I L K K E V I V A K D E V A H T L T E N R V L Q N S R H P F L T A L K Y S F Q T H D R L C F V M E Y A N G G E L F F H L S R E R V F S E D R A R F Y G A E I V S A L D Y L H S E K N V V Y R D L K L E N L M L D K D G H I K I T D F G L C K E G I K D G A T M K T F C G T P E Y L A P E V L E D N D Y G R A V D W W G L G V V M Y E M M C G R L P F Y N Q D H E K L F E L I L M E E I R F P R T L G P E A K S L L S G L L K K D P K Q R L G G G S E D A K E I M Q H R F F A G I V W Q H V Y E K K L S P P F K P Q V T S E T D T R Y F D E E F T A Q M I T I T P P D Q D D S M E C V D S E R R P H F P Q F S Y S A S G T A,M S D V A I V K E G W L H K R G E Y I K T W R P R Y F L L K N D G T F I G Y K E R P Q D V D Q R E A P L N N F S V A Q C Q L M K T E R P R P N T F I I R C L Q W T T V I E R T F H V E T P E E R E E W T T A I Q T V A D G L K K Q E E E E M D F R S G S P S D N S G A E E M E V S L A K P K H R V T M N E F E Y L K L L G K G T F G K V I L V K E K A T G R Y Y A M K I L K K E V I V A K D E V A H T L T E N R V L Q N S R H P F L T A L K Y S F Q T H D R L C F V M E Y A N G G E L F F Y L S R E R V F S E D R A R F Y G A E I V S A L D Y L H S E K N V V Y R D L K L E N L M L D K D G H I K I T D F G L C K E G I K D G A T M K T F C G T P E Y L A P E V L E D N D Y G R A V D W W G L G V V M Y E M M C G R L P F Y N Q D H E K L F E L I L M E E I R F P R T L G P E A K S L L S G L L K K D P K Q R L G G G S E D A K E I M Q H R F F A G I V W Q H V Y E K K L S P P F K P Q V T S E T D T R Y F D E E F T A Q M I T I T P P D Q D D S M E C V D S E R R P H F P Q F S Y S A S G T A,1
78,P31749,V167A,AKT1_HUMAN,M S D V A I V K E G W L H K R G E Y I K T W R P R Y F L L K N D G T F I G Y K E R P Q D V D Q R E A P L N N F S V A Q C Q L M K T E R P R P N T F I I R C L Q W T T V I E R T F H V E T P E E R E E W T T A I Q T V A D G L K K Q E E E E M D F R S G S P S D N S G A E E M E V S L A K P K H R V T M N E F E Y L K L L G K G T F G K V I L V K E K A T G R Y Y A M K I L K K E V I V A K D E V A H T L T E N R V L Q N S R H P F L T A L K Y S F Q T H D R L C F V M E Y A N G G E L F F H L S R E R V F S E D R A R F Y G A E I V S A L D Y L H S E K N V V Y R D L K L E N L M L D K D G H I K I T D F G L C K E G I K D G A T M K T F C G T P E Y L A P E V L E D N D Y G R A V D W W G L G V V M Y E M M C G R L P F Y N Q D H E K L F E L I L M E E I R F P R T L G P E A K S L L S G L L K K D P K Q R L G G G S E D A K E I M Q H R F F A G I V W Q H V Y E K K L S P P F K P Q V T S E T D T R Y F D E E F T A Q M I T I T P P D Q D D S M E C V D S E R R P H F P Q F S Y S A S G T A,M S D V A I V K E G W L H K R G E Y I K T W R P R Y F L L K N D G T F I G Y K E R P Q D V D Q R E A P L N N F S V A Q C Q L M K T E R P R P N T F I I R C L Q W T T V I E R T F H V E T P E E R E E W T T A I Q T V A D G L K K Q E E E E M D F R S G S P S D N S G A E E M E V S L A K P K H R V T M N E F E Y L K L L G K G T F G K V I L A K E K A T G R Y Y A M K I L K K E V I V A K D E V A H T L T E N R V L Q N S R H P F L T A L K Y S F Q T H D R L C F V M E Y A N G G E L F F H L S R E R V F S E D R A R F Y G A E I V S A L D Y L H S E K N V V Y R D L K L E N L M L D K D G H I K I T D F G L C K E G I K D G A T M K T F C G T P E Y L A P E V L E D N D Y G R A V D W W G L G V V M Y E M M C G R L P F Y N Q D H E K L F E L I L M E E I R F P R T L G P E A K S L L S G L L K K D P K Q R L G G G S E D A K E I M Q H R F F A G I V W Q H V Y E K K L S P P F K P Q V T S E T D T R Y F D E E F T A Q M I T I T P P D Q D D S M E C V D S E R R P H F P Q F S Y S A S G T A,0
79,P31749,C77F,AKT1_HUMAN,M S D V A I V K E G W L H K R G E Y I K T W R P R Y F L L K N D G T F I G Y K E R P Q D V D Q R E A P L N N F S V A Q C Q L M K T E R P R P N T F I I R C L Q W T T V I E R T F H V E T P E E R E E W T T A I Q T V A D G L K K Q E E E E M D F R S G S P S D N S G A E E M E V S L A K P K H R V T M N E F E Y L K L L G K G T F G K V I L V K E K A T G R Y Y A M K I L K K E V I V A K D E V A H T L T E N R V L Q N S R H P F L T A L K Y S F Q T H D R L C F V M E Y A N G G E L F F H L S R E R V F S E D R A R F Y G A E I V S A L D Y L H S E K N V V Y R D L K L E N L M L D K D G H I K I T D F G L C K E G I K D G A T M K T F C G T P E Y L A P E V L E D N D Y G R A V D W W G L G V V M Y E M M C G R L P F Y N Q D H E K L F E L I L M E E I R F P R T L G P E A K S L L S G L L K K D P K Q R L G G G S E D A K E I M Q H R F F A G I V W Q H V Y E K K L S P P F K P Q V T S E T D T R Y F D E E F T A Q M I T I T P P D Q D D S M E C V D S E R R P H F P Q F S Y S A S G T A,M S D V A I V K E G W L H K R G E Y I K T W R P R Y F L L K N D G T F I G Y K E R P Q D V D Q R E A P L N N F S V A Q C Q L M K T E R P R P N T F I I R F L Q W T T V I E R T F H V E T P E E R E E W T T A I Q T V A D G L K K Q E E E E M D F R S G S P S D N S G A E E M E V S L A K P K H R V T M N E F E Y L K L L G K G T F G K V I L V K E K A T G R Y Y A M K I L K K E V I V A K D E V A H T L T E N R V L Q N S R H P F L T A L K Y S F Q T H D R L C F V M E Y A N G G E L F F H L S R E R V F S E D R A R F Y G A E I V S A L D Y L H S E K N V V Y R D L K L E N L M L D K D G H I K I T D F G L C K E G I K D G A T M K T F C G T P E Y L A P E V L E D N D Y G R A V D W W G L G V V M Y E M M C G R L P F Y N Q D H E K L F E L I L M E E I R F P R T L G P E A K S L L S G L L K K D P K Q R L G G G S E D A K E I M Q H R F F A G I V W Q H V Y E K K L S P P F K P Q V T S E T D T R Y F D E E F T A Q M I T I T P P D Q D D S M E C V D S E R R P H F P Q F S Y S A S G T A,1
80,P31749,E191A,AKT1_HUMAN,M S D V A I V K E G W L H K R G E Y I K T W R P R Y F L L K N D G T F I G Y K E R P Q D V D Q R E A P L N N F S V A Q C Q L M K T E R P R P N T F I I R C L Q W T T V I E R T F H V E T P E E R E E W T T A I Q T V A D G L K K Q E E E E M D F R S G S P S D N S G A E E M E V S L A K P K H R V T M N E F E Y L K L L G K G T F G K V I L V K E K A T G R Y Y A M K I L K K E V I V A K D E V A H T L T E N R V L Q N S R H P F L T A L K Y S F Q T H D R L C F V M E Y A N G G E L F F H L S R E R V F S E D R A R F Y G A E I V S A L D Y L H S E K N V V Y R D L K L E N L M L D K D G H I K I T D F G L C K E G I K D G A T M K T F C G T P E Y L A P E V L E D N D Y G R A V D W W G L G V V M Y E M M C G R L P F Y N Q D H E K L F E L I L M E E I R F P R T L G P E A K S L L S G L L K K D P K Q R L G G G S E D A K E I M Q H R F F A G I V W Q H V Y E K K L S P P F K P Q V T S E T D T R Y F D E E F T A Q M I T I T P P D Q D D S M E C V D S E R R P H F P Q F S Y S A S G T A,M S D V A I V K E G W L H K R G E Y I K T W R P R Y F L L K N D G T F I G Y K E R P Q D V D Q R E A P L N N F S V A Q C Q L M K T E R P R P N T F I I R C L Q W T T V I E R T F H V E T P E E R E E W T T A I Q T V A D G L K K Q E E E E M D F R S G S P S D N S G A E E M E V S L A K P K H R V T M N E F E Y L K L L G K G T F G K V I L V K E K A T G R Y Y A M K I L K K E V I V A K D A V A H T L T E N R V L Q N S R H P F L T A L K Y S F Q T H D R L C F V M E Y A N G G E L F F H L S R E R V F S E D R A R F Y G A E I V S A L D Y L H S E K N V V Y R D L K L E N L M L D K D G H I K I T D F G L C K E G I K D G A T M K T F C G T P E Y L A P E V L E D N D Y G R A V D W W G L G V V M Y E M M C G R L P F Y N Q D H E K L F E L I L M E E I R F P R T L G P E A K S L L S G L L K K D P K Q R L G G G S E D A K E I M Q H R F F A G I V W Q H V Y E K K L S P P F K P Q V T S E T D T R Y F D E E F T A Q M I T I T P P D Q D D S M E C V D S E R R P H F P Q F S Y S A S G T A,1
81,P31749,V270A,AKT1_HUMAN,M S D V A I V K E G W L H K R G E Y I K T W R P R Y F L L K N D G T F I G Y K E R P Q D V D Q R E A P L N N F S V A Q C Q L M K T E R P R P N T F I I R C L Q W T T V I E R T F H V E T P E E R E E W T T A I Q T V A D G L K K Q E E E E M D F R S G S P S D N S G A E E M E V S L A K P K H R V T M N E F E Y L K L L G K G T F G K V I L V K E K A T G R Y Y A M K I L K K E V I V A K D E V A H T L T E N R V L Q N S R H P F L T A L K Y S F Q T H D R L C F V M E Y A N G G E L F F H L S R E R V F S E D R A R F Y G A E I V S A L D Y L H S E K N V V Y R D L K L E N L M L D K D G H I K I T D F G L C K E G I K D G A T M K T F C G T P E Y L A P E V L E D N D Y G R A V D W W G L G V V M Y E M M C G R L P F Y N Q D H E K L F E L I L M E E I R F P R T L G P E A K S L L S G L L K K D P K Q R L G G G S E D A K E I M Q H R F F A G I V W Q H V Y E K K L S P P F K P Q V T S E T D T R Y F D E E F T A Q M I T I T P P D Q D D S M E C V D S E R R P H F P Q F S Y S A S G T A,M S D V A I V K E G W L H K R G E Y I K T W R P R Y F L L K N D G T F I G Y K E R P Q D V D Q R E A P L N N F S V A Q C Q L M K T E R P R P N T F I I R C L Q W T T V I E R T F H V E T P E E R E E W T T A I Q T V A D G L K K Q E E E E M D F R S G S P S D N S G A E E M E V S L A K P K H R V T M N E F E Y L K L L G K G T F G K V I L V K E K A T G R Y Y A M K I L K K E V I V A K D E V A H T L T E N R V L Q N S R H P F L T A L K Y S F Q T H D R L C F V M E Y A N G G E L F F H L S R E R V F S E D R A R F Y G A E I V S A L D Y L H S E K N A V Y R D L K L E N L M L D K D G H I K I T D F G L C K E G I K D G A T M K T F C G T P E Y L A P E V L E D N D Y G R A V D W W G L G V V M Y E M M C G R L P F Y N Q D H E K L F E L I L M E E I R F P R T L G P E A K S L L S G L L K K D P K Q R L G G G S E D A K E I M Q H R F F A G I V W Q H V Y E K K L S P P F K P Q V T S E T D T R Y F D E E F T A Q M I T I T P P D Q D D S M E C V D S E R R P H F P Q F S Y S A S G T A,1
82,P31749,L52R,AKT1_HUMAN,M S D V A I V K E G W L H K R G E Y I K T W R P R Y F L L K N D G T F I G Y K E R P Q D V D Q R E A P L N N F S V A Q C Q L M K T E R P R P N T F I I R C L Q W T T V I E R T F H V E T P E E R E E W T T A I Q T V A D G L K K Q E E E E M D F R S G S P S D N S G A E E M E V S L A K P K H R V T M N E F E Y L K L L G K G T F G K V I L V K E K A T G R Y Y A M K I L K K E V I V A K D E V A H T L T E N R V L Q N S R H P F L T A L K Y S F Q T H D R L C F V M E Y A N G G E L F F H L S R E R V F S E D R A R F Y G A E I V S A L D Y L H S E K N V V Y R D L K L E N L M L D K D G H I K I T D F G L C K E G I K D G A T M K T F C G T P E Y L A P E V L E D N D Y G R A V D W W G L G V V M Y E M M C G R L P F Y N Q D H E K L F E L I L M E E I R F P R T L G P E A K S L L S G L L K K D P K Q R L G G G S E D A K E I M Q H R F F A G I V W Q H V Y E K K L S P P F K P Q V T S E T D T R Y F D E E F T A Q M I T I T P P D Q D D S M E C V D S E R R P H F P Q F S Y S A S G T A,M S D V A I V K E G W L H K R G E Y I K T W R P R Y F L L K N D G T F I G Y K E R P Q D V D Q R E A P R N N F S V A Q C Q L M K T E R P R P N T F I I R C L Q W T T V I E R T F H V E T P E E R E E W T T A I Q T V A D G L K K Q E E E E M D F R S G S P S D N S G A E E M E V S L A K P K H R V T M N E F E Y L K L L G K G T F G K V I L V K E K A T G R Y Y A M K I L K K E V I V A K D E V A H T L T E N R V L Q N S R H P F L T A L K Y S F Q T H D R L C F V M E Y A N G G E L F F H L S R E R V F S E D R A R F Y G A E I V S A L D Y L H S E K N V V Y R D L K L E N L M L D K D G H I K I T D F G L C K E G I K D G A T M K T F C G T P E Y L A P E V L E D N D Y G R A V D W W G L G V V M Y E M M C G R L P F Y N Q D H E K L F E L I L M E E I R F P R T L G P E A K S L L S G L L K K D P K Q R L G G G S E D A K E I M Q H R F F A G I V W Q H V Y E K K L S P P F K P Q V T S E T D T R Y F D E E F T A Q M I T I T P P D Q D D S M E C V D S E R R P H F P Q F S Y S A S G T A,1
